ResponseID,NPS_Score,Overall_Satisfaction,Agent_Mode_Rating,Code_Completion_Rating,Chat_Edit_Rating,Next_Edit_Suggestions_Rating,Model_Choice_Rating,Enterprise_Features_Rating,Performance_Rating,Ease_of_Use_Rating,What_Dont_You_Like,What_Would_You_Like_Added,General_Comments,User_Type,Experience_Level,Company_Size,Primary_Language
1,9,4,5,4,4,3,4,5,4,4,"Agent mode sometimes generates non-compliant code that doesn't pass our linters","Better integration with formatters and linters in agent mode","Love the potential of agent mode but needs polish",Professional,Senior,Large,TypeScript
2,8,4,4,5,4,2,3,4,4,4,"Next edit suggestions interrupt my workflow when using snippets","Option to configure next edit suggestions more granularly","Great for boilerplate code generation",Professional,Mid,Medium,JavaScript
3,7,3,3,4,4,3,4,3,3,3,"Agent mode is slow and often breaks things I've already fixed","Faster agent execution and better context retention","Sometimes feels like working with a junior developer",Professional,Senior,Large,Python
4,10,5,5,5,5,4,5,5,5,5,"Nothing major, just occasional hiccups with complex prompts","More model options and better prompt customization","This tool has revolutionized my coding workflow",Professional,Expert,Medium,Java
5,6,3,2,4,3,2,3,3,2,3,"Agent mode generates code that looks good but rarely runs correctly","Better error handling and self-correction in agent mode","Frustrating when it breaks working code repeatedly",Student,Beginner,Small,Python
6,9,4,4,4,5,3,4,4,4,4,"Sometimes the AI seems less sharp than direct API calls","Transparency about any prompt filtering or processing","Excellent for quick fixes and incremental changes",Professional,Senior,Large,C#
7,8,4,4,4,4,2,4,4,4,3,"Next edit suggestions are overwhelming and annoying","Ability to fine-tune suggestion frequency and timing","I've learned to constantly hit escape to dismiss suggestions",Professional,Mid,Medium,Go
8,5,2,2,3,3,2,3,2,2,3,"Agent mode uses up my quota quickly without delivering results","Better quota management and more efficient token usage","Feels like it generates tons of prompts for simple tasks",Professional,Mid,Small,Ruby
9,9,5,5,4,5,4,5,5,4,4,"Wish I could use it more but company policies restrict AI tools","Better enterprise compliance and governance features","Saved me weeks of work once I got approval",Professional,Senior,Enterprise,Java
10,7,4,3,4,4,3,3,4,3,4,"Documentation on prompt files and instructions could be better","More examples and templates for copilot-instructions.md","Still figuring out how to customize it effectively",Professional,Mid,Medium,TypeScript
11,8,4,4,4,4,3,4,4,4,4,"Claude 3.7 being temporarily disabled is frustrating","More reliable model availability and redundancy","Different models have different strengths for different tasks",Professional,Expert,Large,Python
12,6,3,3,3,3,2,3,3,3,3,"GPT-4 seems reluctant to use some tools in agent mode","Better tool utilization across all available models","Some models work better than others for agent tasks",Professional,Senior,Medium,JavaScript
13,10,5,5,5,5,5,5,5,5,5,"Honestly can't think of anything major to complain about","Keep doing what you're doing, maybe add more languages","Thank you for this awesome product, amazing work",Professional,Mid,Small,C++
14,4,2,1,3,2,1,2,2,2,2,"Agent mode is basically unusable, too many errors and failures","Complete redesign of agent architecture for reliability","More frustrating than helpful most of the time",Professional,Senior,Medium,Rust
15,9,4,5,4,4,3,4,4,4,4,"Would love more control over how agent mode approaches tasks","Step-by-step execution mode with human approval gates","Impressed by multi-file modifications that work correctly",Professional,Expert,Large,TypeScript
16,7,3,3,4,4,2,3,3,3,4,"Snippets workflow is completely broken with Copilot enabled","Better integration with existing VS Code snippet system","Had to disable next edit suggestions due to interference",Professional,Mid,Medium,Python
17,8,4,4,4,4,4,4,4,4,4,"Sometimes generates outdated or deprecated code patterns","Real-time knowledge updates and modern best practices","Great for learning new patterns and approaches",Student,Intermediate,Small,JavaScript
18,6,3,2,3,3,3,3,3,3,3,"Performance is inconsistent, sometimes very slow responses","Faster response times and better caching","Can be hit or miss depending on the complexity",Professional,Mid,Medium,Go
19,9,5,4,5,5,4,5,4,4,4,"Enterprise setup was complex and took too long to get approved","Streamlined enterprise onboarding and approval process","Productivity gains are massive once you get it working",Professional,Senior,Enterprise,C#
20,5,2,2,2,3,2,2,3,2,2,"Feels like I'm fighting the AI more than collaborating with it","Better understanding of user intent and context","Often generates solutions that miss the actual requirement",Professional,Senior,Large,Java
21,8,4,4,4,4,3,4,4,4,4,"Limited understanding of project-specific conventions and patterns","Project-aware suggestions based on existing codebase analysis","Works well for standard patterns but struggles with custom architectures",Professional,Expert,Large,Python
22,7,4,3,4,4,2,3,4,3,4,"Next edit suggestions pop up at the worst possible moments","Context-aware timing for suggestions based on user activity","Interrupts deep focus when I'm in the zone",Professional,Senior,Medium,TypeScript
23,9,4,5,4,4,4,4,5,4,4,"Wish I could save and share custom prompt templates with my team","Team-wide prompt template sharing and version control","Great for onboarding new developers with consistent patterns",Professional,Mid,Large,JavaScript
24,6,3,3,3,3,2,3,3,3,3,"Agent mode doesn't understand our specific testing frameworks","Better support for custom testing and build tools","Generates tests that don't match our existing patterns",Professional,Mid,Medium,Ruby
25,10,5,5,5,5,4,5,5,5,5,"Nothing significant, this tool is a game changer","Maybe add support for more niche programming languages","Completely transformed how I approach complex refactoring",Professional,Expert,Medium,Rust
26,4,2,1,3,2,1,2,2,2,2,"Agent mode creates more problems than it solves","Start over with a more reliable foundation","Constantly breaks working code and introduces bugs",Professional,Senior,Large,C++
27,8,4,4,4,4,3,4,4,4,4,"Documentation could be clearer about model differences and capabilities","Detailed comparison guide for choosing the right model","Each model seems to have different strengths and weaknesses",Professional,Mid,Medium,Python
28,7,3,3,4,3,2,3,3,3,3,"Too many false starts and incomplete suggestions","Better confidence scoring and suggestion quality filtering","Wastes time with low-quality suggestions that need fixing",Professional,Mid,Small,Go
29,9,4,4,4,5,4,4,4,4,4,"Sometimes struggles with modern framework syntax and patterns","Regular updates to support latest framework versions","Excellent for rapid prototyping and boilerplate generation",Professional,Senior,Medium,TypeScript
30,5,3,2,3,3,2,3,3,2,3,"Quota limits are too restrictive for serious development work","Higher quota limits or better usage optimization","Runs out of quota too quickly when doing complex work",Student,Intermediate,Small,JavaScript
31,8,4,4,4,4,3,4,4,4,4,"Lacks understanding of accessibility best practices","Built-in accessibility checking and suggestions","Could help make the web more accessible by default",Professional,Senior,Large,HTML/CSS
32,6,3,3,3,3,2,3,3,3,3,"Error messages from failed agent attempts are not helpful","Better debugging information when agent mode fails","Hard to understand why something didn't work",Professional,Mid,Medium,Python
33,9,5,5,4,5,4,5,4,4,5,"Would love offline mode for sensitive codebases","Local model options for enterprises with strict data policies","Amazing tool but data privacy concerns limit usage",Professional,Expert,Enterprise,Java
34,7,4,3,4,4,3,3,4,3,4,"Inconsistent code style even with project-specific instructions","Better adherence to existing code style and conventions","Generated code often doesn't match team standards",Professional,Mid,Large,C#
35,8,4,4,4,4,2,4,4,4,4,"Next edit suggestions don't respect current selection or context","Smarter context awareness for when to show suggestions","Suggestions often don't make sense for what I'm currently doing",Professional,Senior,Medium,TypeScript
36,5,2,2,2,3,2,2,2,2,2,"Agent mode is too unpredictable and unreliable for production use","Complete reliability overhaul before promoting as stable feature","Beta quality at best, not ready for serious development",Professional,Expert,Large,Python
37,10,5,5,5,5,5,5,5,5,5,"Honestly struggling to find meaningful complaints","Keep pushing the boundaries of what's possible","This is the future of software development",Professional,Senior,Medium,Multiple
38,7,3,3,4,3,2,3,3,3,3,"Doesn't understand domain-specific languages and frameworks well","Support for more specialized and niche technologies","Limited usefulness outside mainstream programming languages",Professional,Senior,Medium,COBOL
39,8,4,4,4,4,3,4,4,4,4,"Security scanning could be better integrated","Real-time security vulnerability detection and fixes","Would be great to catch security issues during generation",Professional,Senior,Enterprise,Java
40,6,3,2,3,3,3,3,3,3,3,"Takes too long to analyze large codebases","Faster indexing and analysis of existing project structure","Performance degrades significantly with large projects",Professional,Mid,Large,C++
41,9,4,5,4,4,4,4,5,4,4,"Limited support for infrastructure as code and DevOps workflows","Better integration with Terraform, Kubernetes, and CI/CD","Great for application code but weak on infrastructure",Professional,Expert,Large,Terraform
42,4,2,1,2,2,1,2,2,2,2,"Agent mode gets stuck in loops and doesn't know when to stop","Circuit breakers and better failure detection","Wastes enormous amounts of time on doomed approaches",Professional,Senior,Medium,Python
43,8,4,4,4,4,3,4,4,4,4,"Could be smarter about suggesting relevant libraries and dependencies","Dependency suggestion and automatic package management","Often generates code that requires manual dependency installation",Professional,Mid,Medium,JavaScript
44,7,4,3,4,4,2,3,4,3,4,"Next edit suggestions conflict with my muscle memory and shortcuts","Customizable keybindings for suggestion acceptance/dismissal","Interferes with established keyboard shortcuts",Professional,Senior,Large,TypeScript
45,9,5,4,5,5,4,5,4,4,4,"Documentation generation could be more comprehensive","Automated documentation generation with examples","Excellent at generating code but docs are an afterthought",Professional,Expert,Medium,Python
46,5,3,2,3,3,2,3,3,2,3,"Model switching is confusing and not well explained","Clearer guidance on when to use which model","Don't understand the differences between available models",Student,Beginner,Small,JavaScript
47,8,4,4,4,4,3,4,4,4,4,"Limited understanding of design patterns and architectural principles","Pattern recognition and architectural guidance","Could help enforce better software design practices",Professional,Senior,Large,Java
48,6,3,3,3,3,2,3,3,3,3,"Generates too much boilerplate without understanding the actual need","More intelligent code generation that focuses on business logic","Tends to over-engineer simple solutions",Professional,Mid,Medium,C#
49,9,4,5,4,4,4,4,4,4,4,"Version control integration could be smarter","Git-aware suggestions and conflict resolution","Would be great if it understood version control context",Professional,Senior,Medium,Multiple
50,7,3,3,4,3,2,3,3,3,3,"Performance testing and optimization suggestions are lacking","Built-in performance analysis and optimization recommendations","Could help identify performance bottlenecks automatically",Professional,Expert,Large,Python
51,8,4,4,4,4,3,4,4,4,4,"Database query optimization could be much better","Intelligent SQL query analysis and optimization suggestions","Generates functional but inefficient database queries",Professional,Senior,Large,SQL
52,5,2,2,2,2,1,2,2,2,2,"Agent mode feels like a very junior developer who makes careless mistakes","Much better testing and validation before suggesting changes","Code looks plausible but rarely works correctly on first try",Professional,Expert,Medium,Rust
53,9,5,5,4,5,4,5,5,4,5,"Mobile development support could be expanded","Better support for iOS/Android specific patterns","Excellent for web but limited for mobile development",Professional,Mid,Medium,Swift
54,6,3,3,3,3,2,3,3,3,3,"Debugging assistance is practically nonexistent","Interactive debugging help and error analysis","Great at writing code but terrible at helping fix problems",Professional,Mid,Large,Python
55,8,4,4,4,4,3,4,4,4,4,"Multi-language project support needs improvement","Better context switching between different languages in same project","Struggles when projects mix multiple programming languages",Professional,Senior,Large,Multiple
56,7,4,3,4,4,2,3,4,3,4,"UI/UX suggestions are generic and not very helpful","Design-aware suggestions for frontend development","Could be much smarter about user interface best practices",Professional,Mid,Medium,React
57,10,5,5,5,5,4,5,5,5,5,"Can't think of any major issues worth mentioning","Continue the excellent work and keep improving","This tool has made me a significantly more productive developer",Professional,Expert,Small,Multiple
58,4,2,1,2,2,1,2,2,2,2,"Constantly suggests deprecated or insecure coding practices","Real-time best practice validation and security checking","Generates code that fails security reviews",Professional,Senior,Enterprise,PHP
59,8,4,4,4,4,3,4,4,4,4,"Integration with external APIs and services could be smarter","API documentation integration and usage examples","Often generates incorrect API usage patterns",Professional,Mid,Medium,JavaScript
60,6,3,2,3,3,3,3,3,3,3,"Learning curve is steeper than expected","Better onboarding and tutorial materials","Took longer than expected to become productive",Student,Intermediate,Small,Python
61,9,4,5,4,4,4,4,4,4,4,"Code review integration would be extremely valuable","Integration with GitHub PR reviews and suggestions","Would love AI assistance during code review process",Professional,Senior,Large,TypeScript
62,7,3,3,4,3,2,3,3,3,3,"Refactoring suggestions are often too aggressive or risky","More conservative refactoring with safety checks","Sometimes suggests changes that break existing functionality",Professional,Senior,Medium,Java
63,8,4,4,4,4,3,4,4,4,4,"Testing strategy suggestions could be more comprehensive","Intelligent test coverage analysis and gap identification","Good at generating individual tests but poor at test strategy",Professional,Expert,Large,Python
64,5,3,2,3,3,2,3,3,2,3,"Pricing model doesn't make sense for individual developers","More affordable tiers for freelancers and students","Too expensive for the value provided at current pricing",Freelancer,Mid,Individual,Multiple
65,9,5,4,5,5,4,5,4,4,4,"Documentation could better explain prompt engineering best practices","Comprehensive guide to getting the most out of Copilot","Trial and error approach to finding what works best",Professional,Senior,Medium,Python
66,6,3,3,3,3,2,3,3,3,3,"Performance monitoring and profiling integration is missing","Built-in performance analysis and bottleneck detection","Could help optimize code during development rather than after",Professional,Mid,Large,C++
67,8,4,4,4,4,3,4,4,4,4,"Microservices architecture guidance could be much better","Service boundary suggestions and API design guidance","Tends to generate monolithic solutions even for distributed systems",Professional,Expert,Enterprise,Multiple
68,7,4,3,4,4,2,3,4,3,4,"Next edit suggestions don't understand my coding rhythm","Adaptive learning from user behavior and preferences","Should learn when I want suggestions and when I don't",Professional,Senior,Medium,TypeScript
69,9,4,5,4,4,4,4,5,4,4,"Cloud deployment suggestions could be more comprehensive","Intelligent cloud architecture recommendations","Great for local development but weak on deployment strategies",Professional,Senior,Large,Python
70,4,2,1,2,2,1,2,2,2,2,"Agent mode creates technical debt faster than I can clean it up","Quality gates and technical debt prevention","Generates code that works but is unmaintainable",Professional,Expert,Large,Java
71,8,4,4,4,4,3,4,4,4,4,"Accessibility testing integration would be valuable","Automated accessibility testing and compliance checking","Could help ensure inclusive design from the start",Professional,Mid,Medium,HTML/CSS
72,6,3,3,3,3,2,3,3,3,3,"Configuration management for different projects is cumbersome","Project-specific configuration profiles and templates","Settings don't adapt well to different project types",Professional,Mid,Medium,Multiple
73,9,5,5,4,5,4,5,4,4,5,"Advanced search and discovery features for generated code","Better organization and searchability of AI-generated suggestions","Hard to find and reuse previous AI suggestions",Professional,Senior,Large,TypeScript
74,7,3,3,4,3,2,3,3,3,3,"Integration with project management tools would be helpful","Ticket and requirement integration for context-aware suggestions","Could generate better code with access to project requirements",Professional,Mid,Large,Multiple
75,8,4,4,4,4,3,4,4,4,4,"Code quality metrics integration would be extremely useful","Real-time code quality scoring and improvement suggestions","Could help maintain high standards during development",Professional,Expert,Medium,Python
76,5,2,2,2,3,2,2,3,2,2,"Feels like using a powerful tool without proper training","Much better documentation and learning resources","Potential is huge but hard to unlock without guidance",Student,Beginner,Small,JavaScript
77,9,4,5,4,4,4,4,4,4,4,"Collaborative features for team development could be expanded","Team-wide learning and shared AI insights","Would be great to share AI learnings across team members",Professional,Senior,Large,Multiple
78,6,3,2,3,3,3,3,3,3,3,"Legacy code modernization assistance is practically nonexistent","Intelligent legacy code analysis and modernization suggestions","Could help with technical debt reduction in older codebases",Professional,Senior,Enterprise,COBOL
79,8,4,4,4,4,3,4,4,4,4,"Internationalization and localization support needs improvement","Better i18n/l10n patterns and best practice suggestions","Weak on building globally accessible applications",Professional,Mid,Medium,Multiple
80,7,4,3,4,4,2,3,4,3,4,"Real-time collaboration features with other developers using AI","Shared AI context and collaborative prompt engineering","Could enhance pair programming and team development",Professional,Senior,Medium,TypeScript
81,9,5,4,5,5,4,5,5,4,4,"Enterprise security features could be more comprehensive","Advanced security scanning and compliance reporting","Excellent tool but needs better enterprise security integration",Professional,Expert,Enterprise,Java
82,4,2,1,2,2,1,2,2,2,2,"Agent mode is fundamentally flawed and unreliable","Complete architectural redesign focused on reliability","More of a tech demo than a production-ready feature",Professional,Expert,Large,C++
83,8,4,4,4,4,3,4,4,4,4,"API documentation generation could be much more intelligent","Automated API documentation with examples and use cases","Could revolutionize how we document and share APIs",Professional,Senior,Medium,Python
84,6,3,3,3,3,2,3,3,3,3,"Learning from previous mistakes and corrections is limited","Better feedback loop and learning from user corrections","Makes the same mistakes repeatedly instead of learning",Professional,Mid,Medium,JavaScript
85,9,4,5,4,4,4,4,4,4,4,"Integration with design tools and mockups would be valuable","Design-to-code generation from Figma and other design tools","Could bridge the gap between design and development",Professional,Mid,Large,React
86,7,3,3,4,3,2,3,3,3,3,"Code generation for edge cases and error handling is poor","Better exception handling and edge case coverage","Generates happy path code but ignores error scenarios",Professional,Senior,Medium,Python
87,8,4,4,4,4,3,4,4,4,4,"Continuous integration and deployment suggestions could be smarter","Intelligent CI/CD pipeline generation and optimization","Could automate DevOps best practices during development",Professional,Expert,Large,Multiple
88,5,3,2,3,3,2,3,3,2,3,"Subscription management and billing transparency needs improvement","Clearer usage tracking and predictable billing","Hard to understand what I'm being charged for",Freelancer,Mid,Individual,Multiple
89,9,5,5,4,5,4,5,4,4,5,"Advanced prompt templates and reusable components would be great","Library of proven prompt patterns and templates","Could help standardize AI interactions across projects",Professional,Senior,Large,TypeScript
90,6,3,3,3,3,2,3,3,3,3,"Integration testing suggestions are inadequate","Intelligent integration test generation and API testing","Good at unit tests but poor at system-level testing",Professional,Mid,Medium,Java
91,8,4,4,4,4,3,4,4,4,4,"Performance optimization suggestions could be more sophisticated","Advanced performance profiling and optimization recommendations","Could identify performance issues before they become problems",Professional,Expert,Large,C++
92,7,4,3,4,4,2,3,4,3,4,"Multi-platform development support needs significant improvement","Better cross-platform development patterns and suggestions","Struggles with platform-specific requirements and constraints",Professional,Senior,Medium,Multiple
93,9,4,5,4,4,4,4,5,4,4,"Advanced analytics on AI usage and productivity gains would be valuable","Detailed metrics on AI assistance effectiveness and ROI","Would love to measure the actual productivity impact",Professional,Expert,Enterprise,Multiple
94,4,2,1,2,2,1,2,2,2,2,"Suggestion quality is inconsistent and often misleading","Much better quality control and relevance filtering","Too many low-quality suggestions that waste time",Professional,Mid,Medium,Python
95,8,4,4,4,4,3,4,4,4,4,"Machine learning and AI development support could be expanded","Better support for ML/AI specific libraries and patterns","Limited understanding of data science and ML workflows",Professional,Senior,Large,Python
96,6,3,2,3,3,3,3,3,3,3,"Onboarding process for new teams is overly complex","Streamlined team setup and configuration management","Takes too long to get entire teams productive",Professional,Mid,Large,Multiple
97,9,5,4,5,5,4,5,4,4,4,"Advanced customization options for enterprise deployments","More granular control over AI behavior and restrictions","Excellent foundation but needs more enterprise flexibility",Professional,Expert,Enterprise,Java
98,7,3,3,4,3,2,3,3,3,3,"Code generation doesn't respect existing architectural decisions","Better understanding of project architecture and constraints","Often suggests solutions that don't fit existing patterns",Professional,Senior,Large,C#
99,8,4,4,4,4,3,4,4,4,4,"Integration with other development tools could be much deeper","Native integration with popular IDEs and development environments","Could be more than just a VS Code feature",Professional,Mid,Medium,Multiple
100,5,2,2,2,3,2,2,3,2,2,"Learning resources and community support are insufficient","Comprehensive training materials and active community forums","Hard to get help when things don't work as expected",Student,Intermediate,Small,JavaScript
101,9,4,5,4,4,4,4,4,4,4,"Advanced search capabilities for finding relevant code patterns","Intelligent code search across repositories and projects","Could help discover and reuse existing solutions",Professional,Senior,Large,TypeScript
102,6,3,3,3,3,2,3,3,3,3,"Suggestion filtering and customization options are too limited","More granular control over what types of suggestions to receive","One size fits all approach doesn't work for all developers",Professional,Mid,Medium,Python
103,8,4,4,4,4,3,4,4,4,4,"Code review automation and assistance could be revolutionary","Automated code review suggestions and quality checking","Could significantly improve code review efficiency",Professional,Expert,Large,Multiple
104,7,4,3,4,4,2,3,4,3,4,"Integration with version control workflows needs improvement","Better understanding of git workflows and branching strategies","Could be smarter about when and how to suggest changes",Professional,Senior,Medium,Multiple
105,9,5,5,4,5,4,5,5,4,5,"Advanced prompt engineering tools for power users","Visual prompt builder and template management system","Could unlock even more potential for experienced users",Professional,Expert,Medium,Multiple
106,4,2,1,2,2,1,2,2,2,2,"Reliability issues make it unsuitable for professional development","Complete overhaul of error handling and quality assurance","Too many failures and inconsistencies for production use",Professional,Expert,Large,Rust
107,8,4,4,4,4,3,4,4,4,4,"Database design and optimization suggestions could be much better","Intelligent database schema design and query optimization","Weak on data modeling and database performance",Professional,Senior,Large,SQL
108,6,3,2,3,3,3,3,3,3,3,"Setup and configuration for complex projects is too difficult","Automated project setup and configuration detection","Should be able to understand project structure automatically",Professional,Mid,Medium,Multiple
109,9,4,5,4,4,4,4,4,4,4,"Advanced debugging assistance would be incredibly valuable","Interactive debugging support and error analysis","Could revolutionize the debugging experience",Professional,Senior,Large,Python
110,7,3,3,4,3,2,3,3,3,3,"Code generation often ignores existing patterns and conventions","Better analysis of existing codebase for pattern matching","Should adapt to existing code style and architecture",Professional,Senior,Medium,Java
111,8,4,4,4,4,3,4,4,4,4,"Testing framework integration could be much more sophisticated","Intelligent test generation based on code coverage analysis","Could help achieve better test coverage automatically",Professional,Expert,Large,Multiple
112,5,3,2,3,3,2,3,3,2,3,"Cost transparency and usage prediction tools are missing","Better cost estimation and budget management tools","Hard to predict and control costs for larger teams",Professional,Mid,Large,Multiple
113,9,5,4,5,5,4,5,4,4,5,"Advanced team collaboration features would be game-changing","Shared AI context and collaborative development tools","Could transform how teams work together on code",Professional,Expert,Enterprise,TypeScript
114,6,3,3,3,3,2,3,3,3,3,"Security scanning integration is superficial and inadequate","Deep security analysis and vulnerability detection","Could prevent security issues rather than just flagging them",Professional,Senior,Enterprise,Multiple
115,8,4,4,4,4,3,4,4,4,4,"Code refactoring suggestions could be much more intelligent","Advanced refactoring with safety analysis and impact assessment","Could help modernize and improve existing codebases safely",Professional,Expert,Large,C++
116,7,4,3,4,4,2,3,4,3,4,"Integration with project planning and requirement tools needed","Requirements-aware code generation and task management","Could bridge the gap between planning and implementation",Professional,Senior,Large,Multiple
117,9,4,5,4,4,4,4,5,4,4,"Advanced metrics and analytics for development productivity","Comprehensive productivity tracking and improvement insights","Would love to see measurable impact on development speed",Professional,Expert,Medium,Multiple
118,4,2,1,2,2,1,2,2,2,2,"Agent mode creates more technical debt than value","Fundamental rethinking of automated code generation approach","Current implementation is counterproductive for serious development",Professional,Expert,Large,Python
119,8,4,4,4,4,3,4,4,4,4,"API integration and external service suggestions could be smarter","Intelligent API discovery and integration assistance","Could automate much of the boilerplate for external integrations",Professional,Mid,Medium,JavaScript
120,6,3,3,3,3,2,3,3,3,3,"Learning curve for advanced features is unnecessarily steep","Better progressive disclosure and feature introduction","Too many advanced features without proper guidance",Professional,Mid,Medium,Multiple
121,9,5,5,4,5,4,5,4,4,4,"Advanced customization for different development methodologies","Support for Agile, TDD, and other development approaches","Could adapt to different team processes and methodologies",Professional,Senior,Large,Multiple
122,7,3,3,4,3,2,3,3,3,3,"Code generation doesn't consider performance implications","Performance-aware code generation with optimization suggestions","Could generate faster code by default",Professional,Expert,Large,C++
123,8,4,4,4,4,3,4,4,4,4,"Infrastructure as code support needs significant expansion","Better support for cloud infrastructure and deployment automation","Could revolutionize DevOps and infrastructure management",Professional,Senior,Enterprise,Terraform
124,5,2,2,2,3,2,2,3,2,2,"Documentation and help resources are scattered and incomplete","Centralized, comprehensive documentation with examples","Hard to find answers to specific questions and use cases",Student,Beginner,Small,Multiple
125,9,4,5,4,4,4,4,4,4,4,"Advanced prompt optimization and suggestion improvement tools","AI-powered prompt optimization and effectiveness analysis","Could help users get better results with less effort",Professional,Expert,Medium,Multiple
126,6,3,2,3,3,3,3,3,3,3,"Integration with continuous deployment pipelines is limited","Native CI/CD integration with deployment automation","Could automate more of the development-to-production pipeline",Professional,Mid,Large,Multiple
127,8,4,4,4,4,3,4,4,4,4,"Code quality enforcement could be much more sophisticated","Automated code quality gates and improvement suggestions","Could maintain high standards without manual intervention",Professional,Senior,Large,Java
128,7,4,3,4,4,2,3,4,3,4,"Multi-repository and monorepo support needs improvement","Better understanding of complex repository structures","Struggles with large, complex codebases and dependencies",Professional,Expert,Enterprise,Multiple
129,9,5,4,5,5,4,5,5,4,5,"Advanced error prediction and prevention capabilities","Predictive error analysis and prevention suggestions","Could catch issues before they become problems",Professional,Expert,Large,Python
130,4,2,1,2,2,1,2,2,2,2,"Suggestion quality control is fundamentally broken","Complete overhaul of suggestion filtering and ranking","Too many irrelevant or incorrect suggestions",Professional,Senior,Medium,Multiple
131,8,4,4,4,4,3,4,4,4,4,"Advanced dependency management and suggestion capabilities","Intelligent dependency analysis and optimization recommendations","Could help manage complex dependency trees automatically",Professional,Mid,Medium,JavaScript
132,6,3,3,3,3,2,3,3,3,3,"Team training and adoption support is inadequate","Comprehensive training programs and adoption assistance","Hard to get entire teams up to speed effectively",Professional,Mid,Large,Multiple
133,9,4,5,4,4,4,4,4,4,4,"Advanced code analytics and pattern recognition tools","Deep code analysis and architectural insight generation","Could provide valuable insights into codebase health",Professional,Expert,Large,TypeScript
134,7,3,3,4,3,2,3,3,3,3,"Legacy system integration and modernization support is weak","Intelligent legacy code analysis and modernization planning","Could help with technical debt reduction strategies",Professional,Senior,Enterprise,COBOL
135,8,4,4,4,4,3,4,4,4,4,"Advanced testing strategy and coverage optimization needed","Intelligent test strategy development and gap analysis","Could revolutionize how we approach software testing",Professional,Expert,Large,Multiple
136,5,3,2,3,3,2,3,3,2,3,"Billing and subscription management tools are confusing","Transparent usage tracking and predictable billing models","Hard to understand and control costs effectively",Freelancer,Mid,Individual,Multiple
137,9,5,5,4,5,4,5,4,4,5,"Advanced collaboration tools for distributed teams","Enhanced remote collaboration and shared AI context","Could transform distributed software development",Professional,Senior,Large,Multiple
138,6,3,3,3,3,2,3,3,3,3,"Performance profiling and optimization integration is missing","Real-time performance analysis and optimization suggestions","Could identify and fix performance issues during development",Professional,Mid,Large,C++
139,8,4,4,4,4,3,4,4,4,4,"Advanced prompt template management and sharing capabilities","Enterprise-grade prompt template library and version control","Could standardize AI interactions across large organizations",Professional,Expert,Enterprise,Multiple
140,7,4,3,4,4,2,3,4,3,4,"Integration with design systems and component libraries needed","Design system aware code generation and component suggestions","Could bridge design and development more effectively",Professional,Senior,Medium,React
141,9,4,5,4,4,4,4,5,4,4,"Advanced security analysis and threat modeling capabilities","Intelligent security analysis and threat detection","Could build security into development from the ground up",Professional,Expert,Enterprise,Multiple
142,4,2,1,2,2,1,2,2,2,2,"Current implementation is too unreliable for professional use","Ground-up redesign focused on reliability and consistency","Beta quality features marketed as production ready",Professional,Expert,Large,Rust
143,8,4,4,4,4,3,4,4,4,4,"Advanced data analysis and visualization code generation","Intelligent data science and analytics code generation","Could democratize data analysis and visualization",Professional,Senior,Large,Python
144,6,3,2,3,3,3,3,3,3,3,"Onboarding complexity discourages adoption in smaller teams","Simplified setup and configuration for small teams","Too complex for teams without dedicated DevOps resources",Professional,Mid,Small,Multiple
145,9,5,4,5,5,4,5,4,4,4,"Advanced machine learning integration and model deployment","ML-aware code generation and model deployment automation","Could revolutionize ML development and deployment workflows",Professional,Expert,Large,Python
146,7,3,3,4,3,2,3,3,3,3,"Code generation often produces outdated or deprecated patterns","Real-time best practice updates and modern pattern suggestions","Generated code sometimes fails modern linting and security tools",Professional,Senior,Medium,JavaScript
147,8,4,4,4,4,3,4,4,4,4,"Advanced project templating and scaffolding capabilities","Intelligent project setup and architecture generation","Could automate initial project setup and configuration",Professional,Mid,Medium,Multiple
148,5,2,2,2,3,2,2,3,2,2,"Support and troubleshooting resources are insufficient","Dedicated support channels and comprehensive troubleshooting guides","Hard to get help when encountering problems or edge cases",Professional,Mid,Medium,Multiple
149,9,4,5,4,4,4,4,4,4,4,"Advanced code search and discovery across multiple repositories","Enterprise-wide code search and pattern discovery","Could help find and reuse existing solutions across organizations",Professional,Expert,Enterprise,Multiple
150,6,3,3,3,3,2,3,3,3,3,"Suggestion relevance and context awareness needs significant improvement","Much better understanding of current development context","Too many suggestions that don't fit current task or workflow",Professional,Senior,Large,TypeScript
151,8,4,4,4,4,3,4,4,4,4,"Advanced deployment automation and infrastructure management","Intelligent deployment pipeline generation and management","Could automate much of the DevOps workflow",Professional,Expert,Large,Multiple
152,7,4,3,4,4,2,3,4,3,4,"Integration with project management and tracking tools needed","Requirements-driven development with task integration","Could connect code generation directly to project requirements",Professional,Senior,Large,Multiple
153,9,5,5,4,5,4,5,5,4,5,"Advanced team productivity analytics and optimization","Comprehensive team productivity insights and optimization recommendations","Could help optimize entire development organizations",Professional,Expert,Enterprise,Multiple
154,4,2,1,2,2,1,2,2,2,2,"Feature stability and reliability are major concerns","Focus on stability before adding new features","Too many half-working features instead of reliable core functionality",Professional,Senior,Large,Java
155,8,4,4,4,4,3,4,4,4,4,"Advanced API design and documentation generation capabilities","Intelligent API design assistance and automatic documentation","Could revolutionize how we design and document APIs",Professional,Senior,Medium,Multiple
156,6,3,2,3,3,3,3,3,3,3,"Learning curve for effective usage is steeper than advertised","Better progressive learning and skill development tools","Takes significant investment to become truly productive",Professional,Mid,Medium,Multiple
157,9,4,5,4,4,4,4,4,4,4,"Advanced code quality prediction and improvement suggestions","Predictive code quality analysis and improvement recommendations","Could prevent quality issues before they enter the codebase",Professional,Expert,Large,Python
158,7,3,3,4,3,2,3,3,3,3,"Multi-language project support is inconsistent and limited","Better support for polyglot development environments","Struggles when projects use multiple programming languages",Professional,Senior,Large,Multiple
159,8,4,4,4,4,3,4,4,4,4,"Advanced debugging and troubleshooting assistance needed","Interactive debugging support with intelligent error analysis","Could transform the debugging experience for complex issues",Professional,Expert,Large,C++
160,5,3,2,3,3,2,3,3,2,3,"Cost-benefit analysis for smaller organizations is unclear","Better ROI tools and cost-benefit analysis for decision making","Hard to justify cost without clear productivity metrics",Professional,Mid,Medium,Multiple
161,9,5,4,5,5,4,5,4,4,5,"Advanced customization for industry-specific development needs","Industry-specific templates and best practice integration","Could adapt to specific industry requirements and regulations",Professional,Expert,Enterprise,Multiple
162,6,3,3,3,3,2,3,3,3,3,"Code generation doesn't consider maintainability implications","Maintainability-focused code generation with long-term considerations","Generated code is often hard to maintain and extend",Professional,Senior,Large,Java
163,8,4,4,4,4,3,4,4,4,4,"Advanced testing automation and quality assurance integration","Comprehensive testing automation with quality gates","Could automate much of the QA process during development",Professional,Expert,Large,Multiple
164,7,4,3,4,4,2,3,4,3,4,"Integration with continuous learning and skill development tools","Personalized learning recommendations based on code patterns","Could help developers improve skills through AI feedback",Professional,Mid,Medium,Multiple
165,9,4,5,4,4,4,4,5,4,4,"Advanced analytics for measuring development productivity impact","Detailed productivity metrics and improvement tracking","Would love quantitative evidence of productivity improvements",Professional,Expert,Medium,Multiple
166,4,2,1,2,2,1,2,2,2,2,"Quality assurance for AI-generated code is fundamentally inadequate","Rigorous testing and validation of all generated code","Too much responsibility placed on developers to verify AI output",Professional,Expert,Large,C#
167,8,4,4,4,4,3,4,4,4,4,"Advanced dependency analysis and security vulnerability detection","Intelligent dependency management with security scanning","Could prevent security vulnerabilities in dependencies",Professional,Senior,Enterprise,Multiple
168,6,3,3,3,3,2,3,3,3,3,"Team adoption strategies and change management support needed","Comprehensive change management and adoption assistance","Hard to successfully roll out to larger development teams",Professional,Mid,Large,Multiple
169,9,5,5,4,5,4,5,4,4,4,"Advanced prompt optimization with feedback learning capabilities","AI-powered prompt improvement and effectiveness optimization","Could continuously improve AI interactions based on outcomes",Professional,Expert,Large,Multiple
170,7,3,3,4,3,2,3,3,3,3,"Code generation often misses important edge cases and error scenarios","Better edge case analysis and comprehensive error handling","Generates happy path solutions that fail in real-world scenarios",Professional,Senior,Medium,Python
171,8,4,4,4,4,3,4,4,4,4,"Advanced architecture analysis and improvement recommendations","Intelligent architecture assessment and modernization suggestions","Could help improve and modernize existing software architectures",Professional,Expert,Large,Multiple
172,5,2,2,2,3,2,2,3,2,2,"Documentation quality and completeness are major weaknesses","Comprehensive, searchable documentation with real examples","Current docs are scattered and lack practical examples",Student,Intermediate,Small,Multiple
173,9,4,5,4,4,4,4,4,4,4,"Advanced collaboration features for code review and pair programming","Enhanced collaborative development with shared AI context","Could revolutionize how teams collaborate on code",Professional,Senior,Large,TypeScript
174,6,3,2,3,3,3,3,3,3,3,"Performance impact on IDE and development environment is noticeable","Better performance optimization and resource management","Slows down VS Code and increases memory usage significantly",Professional,Mid,Medium,Multiple
175,8,4,4,4,4,3,4,4,4,4,"Advanced project analysis and technical debt identification","Comprehensive project health analysis and improvement recommendations","Could help identify and prioritize technical debt reduction",Professional,Expert,Large,Java
176,7,4,3,4,4,2,3,4,3,4,"Integration with design tools and prototyping environments needed","Design-to-code generation with modern design tool integration","Could bridge the gap between design and implementation",Professional,Senior,Medium,React
177,9,5,4,5,5,4,5,5,4,5,"Advanced enterprise security and compliance management features","Comprehensive security and compliance automation","Excellent tool but needs better enterprise security integration",Professional,Expert,Enterprise,Multiple
178,4,2,1,2,2,1,2,2,2,2,"Fundamental reliability issues make it unsuitable for critical development","Complete redesign focused on predictability and reliability","Current approach is too experimental for production development",Professional,Expert,Large,Rust
179,8,4,4,4,4,3,4,4,4,4,"Advanced data modeling and database design assistance needed","Intelligent database design and data architecture recommendations","Could help with complex data modeling and optimization challenges",Professional,Senior,Large,SQL
180,6,3,3,3,3,2,3,3,3,3,"Setup complexity discourages adoption for individual developers","Simplified installation and configuration for solo developers","Too much overhead for individual developers and small projects",Freelancer,Mid,Individual,Multiple
181,9,4,5,4,4,4,4,4,4,4,"Advanced code migration and modernization capabilities","Intelligent code migration between frameworks and languages","Could automate complex migration and modernization projects",Professional,Expert,Large,Multiple
182,7,3,3,4,3,2,3,3,3,3,"Suggestion quality varies dramatically depending on context","More consistent suggestion quality across different scenarios","Great in some situations but terrible in others",Professional,Senior,Medium,Python
183,8,4,4,4,4,3,4,4,4,4,"Advanced performance optimization and profiling integration","Real-time performance analysis with optimization recommendations","Could identify and fix performance issues during development",Professional,Expert,Large,C++
184,5,3,2,3,3,2,3,3,2,3,"Training materials and best practice guides are insufficient","Comprehensive training programs and certification options","Hard to become truly proficient without proper training",Professional,Mid,Medium,Multiple
185,9,5,5,4,5,4,5,4,4,5,"Advanced team workflow optimization and process improvement","Intelligent workflow analysis and process optimization recommendations","Could help optimize entire development processes",Professional,Expert,Enterprise,Multiple
186,6,3,3,3,3,2,3,3,3,3,"Code generation doesn't respect existing testing strategies","Better integration with existing testing frameworks and strategies","Generated code often doesn't match established testing patterns",Professional,Senior,Large,Java
187,8,4,4,4,4,3,4,4,4,4,"Advanced CI/CD pipeline generation and optimization capabilities","Intelligent pipeline design and optimization recommendations","Could automate DevOps best practices and pipeline optimization",Professional,Expert,Large,Multiple
188,7,4,3,4,4,2,3,4,3,4,"Integration with requirement management and specification tools","Requirements-driven development with specification integration","Could generate code directly from detailed requirements",Professional,Senior,Large,Multiple
189,9,4,5,4,4,4,4,5,4,4,"Advanced metrics and KPI tracking for development productivity","Comprehensive productivity analytics and improvement insights","Would love detailed metrics on AI impact and effectiveness",Professional,Expert,Medium,Multiple
190,4,2,1,2,2,1,2,2,2,2,"Agent mode implementation is fundamentally flawed and unreliable","Complete rethinking of automated development assistance approach","Current agent mode is more hindrance than help",Professional,Expert,Large,Python
191,8,4,4,4,4,3,4,4,4,4,"Advanced security code analysis and vulnerability prevention","Proactive security analysis with vulnerability prevention","Could build security into code from the beginning",Professional,Senior,Enterprise,Multiple
192,6,3,2,3,3,3,3,3,3,3,"Learning resources for advanced usage patterns are lacking","Advanced tutorials and best practice documentation","Basic docs are okay but advanced usage is poorly documented",Professional,Mid,Medium,Multiple
193,9,5,4,5,5,4,5,4,4,4,"Advanced prompt template sharing and collaboration features","Enterprise prompt template management and sharing","Could standardize AI interactions across large organizations",Professional,Expert,Enterprise,TypeScript
194,7,3,3,4,3,2,3,3,3,3,"Code generation often produces solutions that don't scale well","Scalability-aware code generation with performance considerations","Generated solutions often need significant refactoring for production",Professional,Senior,Large,Java
195,8,4,4,4,4,3,4,4,4,4,"Advanced project scaffolding and architecture generation capabilities","Intelligent project setup with best practice architecture","Could automate initial project structure and configuration",Professional,Expert,Medium,Multiple
196,5,2,2,2,3,2,2,3,2,2,"Support responsiveness and issue resolution are inadequate","Faster support response times and better issue tracking","Takes too long to get help with problems and edge cases",Professional,Mid,Medium,Multiple
197,9,4,5,4,4,4,4,4,4,4,"Advanced code analysis and pattern recognition across repositories","Multi-repository pattern analysis and code reuse recommendations","Could help identify and reuse patterns across multiple projects",Professional,Expert,Large,Multiple
198,6,3,3,3,3,2,3,3,3,3,"Suggestion filtering and personalization options are too limited","Advanced personalization and suggestion customization","One-size-fits-all approach doesn't work for different developers",Professional,Senior,Medium,Python
199,8,4,4,4,4,3,4,4,4,4,"Advanced deployment automation with environment management","Intelligent environment-specific deployment and configuration","Could automate complex deployment scenarios across environments",Professional,Expert,Large,Multiple
200,7,4,3,4,4,2,3,4,3,4,"Integration with monitoring and observability tools needed","Runtime monitoring integration with proactive issue detection","Could connect development-time insights with production monitoring",Professional,Senior,Large,Multiple
201,9,5,5,4,5,4,5,5,4,5,"Advanced enterprise governance and policy enforcement features","Comprehensive governance with automated policy enforcement","Excellent foundation but needs better enterprise control features",Professional,Expert,Enterprise,Multiple
202,4,2,1,2,2,1,2,2,2,2,"Reliability and consistency issues undermine productivity gains","Focus on core reliability before adding advanced features","Unreliable features cause more problems than they solve",Professional,Senior,Large,C++
203,8,4,4,4,4,3,4,4,4,4,"Advanced API testing and integration validation capabilities","Intelligent API testing and integration validation","Could automate API testing and integration verification",Professional,Mid,Medium,JavaScript
204,6,3,3,3,3,2,3,3,3,3,"Team coordination and shared context management are inadequate","Better team coordination and shared AI context management","Hard to maintain consistency across team members",Professional,Mid,Large,Multiple
205,9,4,5,4,4,4,4,4,4,4,"Advanced code quality prediction with preventive recommendations","Predictive quality analysis with preventive measures","Could prevent quality issues before they enter codebase",Professional,Expert,Large,Python
206,7,3,3,4,3,2,3,3,3,3,"Multi-platform development support needs significant improvement","Better cross-platform development patterns and constraints","Weak support for platform-specific development requirements",Professional,Senior,Medium,Multiple
207,8,4,4,4,4,3,4,4,4,4,"Advanced debugging assistance with intelligent error analysis","Interactive debugging with AI-powered error diagnosis","Could revolutionize debugging complex issues and root cause analysis",Professional,Expert,Large,Java
208,5,3,2,3,3,2,3,3,2,3,"Cost structure and pricing model need better transparency","Clear cost prediction and budget management tools","Hard to predict and control costs for variable usage patterns",Freelancer,Mid,Individual,Multiple
209,9,5,4,5,5,4,5,4,4,5,"Advanced collaboration tools for distributed development teams","Enhanced remote collaboration with shared development context","Could transform how distributed teams work together effectively",Professional,Expert,Enterprise,Multiple
210,6,3,3,3,3,2,3,3,3,3,"Performance optimization suggestions are generic and unhelpful","Sophisticated performance analysis with specific optimization recommendations","Could provide much more targeted performance improvement advice",Professional,Senior,Large,C++
211,8,4,4,4,4,3,4,4,4,4,"Advanced testing strategy development and automation capabilities","Intelligent testing strategy with automated test generation","Could revolutionize how comprehensive testing strategies are developed",Professional,Expert,Large,Multiple
212,7,4,3,4,4,2,3,4,3,4,"Integration with design systems and component libraries is limited","Design system integration with component-aware code generation","Could generate code that properly uses existing design systems",Professional,Senior,Medium,React
213,9,4,5,4,4,4,4,5,4,4,"Advanced security analysis with threat modeling capabilities","Comprehensive security analysis and threat modeling integration","Could build security considerations into development workflow",Professional,Expert,Enterprise,Multiple
214,4,2,1,2,2,1,2,2,2,2,"Agent mode creates more technical debt than productive code","Fundamental rethinking of automated code generation quality","Current implementation prioritizes speed over code quality",Professional,Expert,Large,Rust
215,8,4,4,4,4,3,4,4,4,4,"Advanced data architecture and modeling assistance needed","Intelligent data modeling with architecture recommendations","Could help design better data architectures and schemas",Professional,Senior,Large,SQL
216,6,3,2,3,3,3,3,3,3,3,"Initial setup and configuration complexity is a major barrier","Streamlined setup with intelligent configuration detection","Too complex for quick adoption and experimentation",Professional,Mid,Small,Multiple
217,9,5,5,4,5,4,5,4,4,4,"Advanced machine learning workflow integration and automation","ML-aware development with model deployment automation","Could revolutionize machine learning development workflows",Professional,Expert,Large,Python
218,7,3,3,4,3,2,3,3,3,3,"Code generation quality is inconsistent across different languages","More consistent quality and capability across all supported languages","Much better for some languages than others",Professional,Senior,Medium,Multiple
219,8,4,4,4,4,3,4,4,4,4,"Advanced project analysis with technical debt quantification","Comprehensive project health metrics with actionable insights","Could help prioritize technical debt and improvement efforts",Professional,Expert,Large,TypeScript
220,5,2,2,2,3,2,2,3,2,2,"Documentation and learning resources are fragmented and incomplete","Unified, comprehensive documentation with practical examples","Hard to find authoritative answers to specific questions",Student,Intermediate,Small,Multiple
221,9,4,5,4,4,4,4,4,4,4,"Advanced prompt optimization with machine learning feedback","AI-powered prompt improvement and effectiveness optimization","Could continuously improve interactions based on success patterns",Professional,Expert,Medium,Multiple
222,6,3,3,3,3,2,3,3,3,3,"Integration with project management workflows is superficial","Deep integration with agile workflows and project tracking","Could connect code generation directly to sprint planning",Professional,Mid,Large,Multiple
223,8,4,4,4,4,3,4,4,4,4,"Advanced code review automation with intelligent analysis","Comprehensive automated code review with quality insights","Could significantly improve code review efficiency and quality",Professional,Expert,Large,Java
224,7,4,3,4,4,2,3,4,3,4,"Multi-repository and microservices support needs major improvement","Better understanding of distributed system architectures","Struggles with complex, multi-service development environments",Professional,Senior,Enterprise,Multiple
225,9,5,4,5,5,4,5,5,4,5,"Advanced analytics for measuring team productivity and collaboration","Comprehensive team productivity insights and optimization","Could help optimize entire development organization effectiveness",Professional,Expert,Enterprise,Multiple
226,4,2,1,2,2,1,2,2,2,2,"Feature reliability issues make it unsuitable for critical projects","Stability and reliability must be prioritized over new features","Too many experimental features that don't work consistently",Professional,Senior,Large,C#
227,8,4,4,4,4,3,4,4,4,4,"Advanced API design assistance with best practice enforcement","Intelligent API design with governance and standards enforcement","Could help design better APIs that follow organizational standards",Professional,Senior,Medium,Multiple
228,6,3,2,3,3,3,3,3,3,3,"Learning curve for effective usage is much steeper than expected","Progressive learning tools and guided skill development","Takes significant time investment to become truly productive",Professional,Mid,Medium,Multiple
229,9,4,5,4,4,4,4,4,4,4,"Advanced code migration tools for framework and language transitions","Intelligent migration assistance for complex code modernization","Could automate difficult migration and modernization projects",Professional,Expert,Large,Multiple
230,7,3,3,4,3,2,3,3,3,3,"Suggestion relevance varies dramatically based on project context","Much better project context understanding and adaptation","Great for some projects but poor for others",Professional,Senior,Large,Python
231,8,4,4,4,4,3,4,4,4,4,"Advanced performance profiling integration with optimization recommendations","Real-time performance analysis with intelligent optimization","Could identify and resolve performance issues during development",Professional,Expert,Large,C++
232,5,3,2,3,3,2,3,3,2,3,"Support quality and response times are inadequate for professional use","Dedicated support tiers with guaranteed response times","Current support is insufficient for business-critical usage",Professional,Mid,Medium,Multiple
233,9,5,5,4,5,4,5,4,4,5,"Advanced team workflow analysis and process optimization capabilities","Intelligent workflow optimization with process improvement insights","Could help optimize entire development processes and methodologies",Professional,Expert,Enterprise,Multiple
234,6,3,3,3,3,2,3,3,3,3,"Code generation doesn't consider long-term maintainability implications","Maintainability-focused generation with technical debt prevention","Generated code often creates maintenance challenges later",Professional,Senior,Large,Java
235,8,4,4,4,4,3,4,4,4,4,"Advanced testing automation with comprehensive coverage analysis","Intelligent test strategy with automated coverage optimization","Could revolutionize how testing strategies are developed and executed",Professional,Expert,Large,Multiple
236,7,4,3,4,4,2,3,4,3,4,"Integration with continuous learning and developer skill improvement","Personalized learning recommendations based on development patterns","Could help developers improve skills through intelligent feedback",Professional,Mid,Medium,Multiple
237,9,4,5,4,4,4,4,5,4,4,"Advanced enterprise customization with industry-specific adaptations","Industry-specific templates and compliance integration","Could adapt to specific industry requirements and regulations",Professional,Expert,Enterprise,Multiple
238,4,2,1,2,2,1,2,2,2,2,"Quality control for generated code is fundamentally insufficient","Rigorous validation and testing of all AI-generated output","Places too much burden on developers to verify correctness",Professional,Expert,Large,Rust
239,8,4,4,4,4,3,4,4,4,4,"Advanced dependency management with security and license analysis","Intelligent dependency optimization with security scanning","Could prevent security and licensing issues in dependencies",Professional,Senior,Enterprise,Multiple
240,6,3,3,3,3,2,3,3,3,3,"Team adoption and change management resources are inadequate","Comprehensive change management and adoption assistance","Difficult to successfully implement across larger development teams",Professional,Mid,Large,Multiple
241,9,5,4,5,5,4,5,4,4,4,"Advanced prompt engineering tools with collaborative template management","Enterprise-grade prompt management with team collaboration","Could standardize and optimize AI interactions across organizations",Professional,Expert,Large,TypeScript
242,7,3,3,4,3,2,3,3,3,3,"Code generation often misses critical error handling and edge cases","Comprehensive error handling and edge case analysis","Generated code works for happy paths but fails in real scenarios",Professional,Senior,Medium,Python
243,8,4,4,4,4,3,4,4,4,4,"Advanced architecture analysis with modernization recommendations","Intelligent architecture assessment and improvement guidance","Could help modernize and improve existing software architectures",Professional,Expert,Large,Multiple
244,5,2,2,2,3,2,2,3,2,2,"Documentation quality is poor and examples are often outdated","Comprehensive, up-to-date documentation with working examples","Current documentation is fragmented and lacks practical guidance",Student,Intermediate,Small,Multiple
245,9,4,5,4,4,4,4,4,4,4,"Advanced collaboration features for distributed team development","Enhanced remote collaboration with shared development intelligence","Could transform how geographically distributed teams collaborate",Professional,Senior,Large,Multiple
246,6,3,2,3,3,3,3,3,3,3,"Performance impact on development environment is significant","Better optimization and reduced resource consumption","Noticeably slows down IDE and increases system resource usage",Professional,Mid,Medium,Multiple
247,8,4,4,4,4,3,4,4,4,4,"Advanced project health monitoring with predictive analytics","Comprehensive project health analysis with predictive insights","Could predict and prevent project issues before they occur",Professional,Expert,Large,Java
248,7,4,3,4,4,2,3,4,3,4,"Integration with modern development tools and workflows needs improvement","Better integration with contemporary development toolchains","Could be more deeply integrated with modern development ecosystems",Professional,Senior,Medium,Multiple
249,9,5,5,4,5,4,5,5,4,5,"Advanced enterprise governance with automated compliance checking","Comprehensive governance automation with policy enforcement","Excellent foundation but needs better enterprise control capabilities",Professional,Expert,Enterprise,Multiple
250,4,2,1,2,2,1,2,2,2,2,"Current implementation reliability makes it unsuitable for serious development","Complete focus on reliability and consistency before feature expansion","Too many unreliable features that create more problems than solutions",Professional,Expert,Large,C#